stim_page,url
stim_001,https://app-online-surveys-images.s3.amazonaws.com/xlzv18s6kyd1do2k84oz0u6v6
stim_002,https://app-online-surveys-images.s3.amazonaws.com/htst55jp9m35vqj4t633rxi2n
stim_003,https://app-online-surveys-images.s3.amazonaws.com/g5p2bgypqbbaoi1o93h36ht0j
stim_004,https://app-online-surveys-images.s3.amazonaws.com/cw1vz1amd1vpi0z7pfodoa83z
stim_005,https://app-online-surveys-images.s3.amazonaws.com/wpu1m938znwjvbtuvu49qqkc9
stim_006,https://app-online-surveys-images.s3.amazonaws.com/wdw3qnosrsek4vbd75k9b9ytq
stim_007,https://app-online-surveys-images.s3.amazonaws.com/nupo1sebqkaunkoinshn890dw
stim_008,https://app-online-surveys-images.s3.amazonaws.com/t2ykne88hks4rlyaaaoxa06ij
stim_009,https://app-online-surveys-images.s3.amazonaws.com/gn6z5igygnkwltk3nre784dv6
stim_010,https://app-online-surveys-images.s3.amazonaws.com/koknc3f2i3abfkxdj8jd86bvv
stim_011,https://app-online-surveys-images.s3.amazonaws.com/ne3zu85wus890vo0dqssb6nh5
stim_012,https://app-online-surveys-images.s3.amazonaws.com/l884powb9eoqla8ahz7sxicug
stim_013,https://app-online-surveys-images.s3.amazonaws.com/wzmd3wri4lumresd7atkexi89
stim_014,https://app-online-surveys-images.s3.amazonaws.com/msvf3nbvsw6uqsjjg5lxpfsne
stim_015,https://app-online-surveys-images.s3.amazonaws.com/ygvpi6wrg8p4rtpeiq2gbni2p
stim_016,https://app-online-surveys-images.s3.amazonaws.com/w6z2jd8suhx96xuxgfi0x0mav
stim_017,https://app-online-surveys-images.s3.amazonaws.com/wx1fmt50a343clpdb2ityc5jw
stim_018,https://app-online-surveys-images.s3.amazonaws.com/n06e3a8rqmavtbuif41vcdkim
stim_019,https://app-online-surveys-images.s3.amazonaws.com/mv6pc4jxla0gr0ot4o0zurdf6
stim_020,https://app-online-surveys-images.s3.amazonaws.com/r1skk9955li6qlv6hocfjkbya
stim_021,https://app-online-surveys-images.s3.amazonaws.com/y7vs9iwq4rknec40z4lntc6es
stim_022,https://app-online-surveys-images.s3.amazonaws.com/x22av94axmlorydj15a2dsyjv
stim_023,https://app-online-surveys-images.s3.amazonaws.com/ufvlfkaf7d1fw08up0gj9wryg
stim_024,https://app-online-surveys-images.s3.amazonaws.com/ctpsvnj9eecvbq83haay197y5
stim_025,https://app-online-surveys-images.s3.amazonaws.com/ptzzwgi13rqtcl2r770987qwj
stim_026,https://app-online-surveys-images.s3.amazonaws.com/jjhxybj5lrfzdvp50yvrmabys
stim_027,https://app-online-surveys-images.s3.amazonaws.com/pahwt8nn3jahhbhzn6nplsrzj
stim_028,https://app-online-surveys-images.s3.amazonaws.com/q3c21hf436a4nw6pxrg85bt34
stim_029,https://app-online-surveys-images.s3.amazonaws.com/g0kkakn4r7o7cz8mkp8ez11td
stim_030,https://app-online-surveys-images.s3.amazonaws.com/a7efzuy8le2cg5mqxktk5c2rt
stim_031,https://app-online-surveys-images.s3.amazonaws.com/e9kffjozk824kktxancvl2psn
stim_032,https://app-online-surveys-images.s3.amazonaws.com/h6570unurf57hgq1q0v6h7sy3
stim_033,https://app-online-surveys-images.s3.amazonaws.com/zgt9k7bk8z60qtndotnd1mu5f
stim_034,https://app-online-surveys-images.s3.amazonaws.com/bccnlvrxofllcwdc8yj178esr
stim_035,https://app-online-surveys-images.s3.amazonaws.com/h6eztzido9gmlqhnljf6z2g08
stim_036,https://app-online-surveys-images.s3.amazonaws.com/jki0gc1qhsjcpjgnls5qi7k54
stim_037,https://app-online-surveys-images.s3.amazonaws.com/t4yghxi62den7m9prmq0urg6g
stim_038,https://app-online-surveys-images.s3.amazonaws.com/ovmk1jgbdcvprsy7i80fwh98x
stim_039,https://app-online-surveys-images.s3.amazonaws.com/nrnucgy89pv336sfztin7o2o1
stim_040,https://app-online-surveys-images.s3.amazonaws.com/miu0v3hngs6ofaba0yg8262wv
stim_041,https://app-online-surveys-images.s3.amazonaws.com/eb9g1ogr4u4kvqmw4alymq2uf
stim_042,https://app-online-surveys-images.s3.amazonaws.com/robije6pqyb6kxgof07miocbv
stim_043,https://app-online-surveys-images.s3.amazonaws.com/y3v3g38sdyn1ea8my6wlkujqn
stim_044,https://app-online-surveys-images.s3.amazonaws.com/n1w2xlk34sgcle28t3gnoevqg
stim_045,https://app-online-surveys-images.s3.amazonaws.com/ssy7aretumy8w5nc6o9n208v2
stim_046,https://app-online-surveys-images.s3.amazonaws.com/xusz6x1v2vv97jdv06bc6eg6c
stim_047,https://app-online-surveys-images.s3.amazonaws.com/ifssbly7e8htw7nty5siowt88
stim_048,https://app-online-surveys-images.s3.amazonaws.com/i2wfor5fotx6ijwckhwn6wz34
stim_049,https://app-online-surveys-images.s3.amazonaws.com/y3vm8o1prdw25ohisii3qco7y
stim_050,https://app-online-surveys-images.s3.amazonaws.com/baj9bn9aeukho16w5181280gj
stim_051,https://app-online-surveys-images.s3.amazonaws.com/vza1u7ic56qmzahz43zs1lx2s
stim_052,https://app-online-surveys-images.s3.amazonaws.com/reswliixqxjza2ysvuismromf
stim_053,https://app-online-surveys-images.s3.amazonaws.com/lrn3rhyua22r4ivasp9lxb5a4
stim_054,https://app-online-surveys-images.s3.amazonaws.com/psx08w62vtt8dxy6m1upytyxd
stim_055,https://app-online-surveys-images.s3.amazonaws.com/cwpz67d4u314auv1wxl8yw6zs
stim_056,https://app-online-surveys-images.s3.amazonaws.com/i2rcm0cqg07tmz48xnl31rqa7
stim_057,https://app-online-surveys-images.s3.amazonaws.com/uzhorv6k0h1ci2a16bid1y5mq
stim_058,https://app-online-surveys-images.s3.amazonaws.com/yjti3maseo4r2806dekil9365
stim_059,https://app-online-surveys-images.s3.amazonaws.com/lrffkx7syn068j9diwpi0pt1a
stim_060,https://app-online-surveys-images.s3.amazonaws.com/opg7193b6l9u7fu9ohtsl1ie8
stim_061,https://app-online-surveys-images.s3.amazonaws.com/r6fndr6owy85qj1s9n2q12dg4
stim_062,https://app-online-surveys-images.s3.amazonaws.com/lepicjrc9re6ke8qbf7vb5ft6
stim_063,https://app-online-surveys-images.s3.amazonaws.com/wbewaajnz7afkwqi4a9n3uwjq
stim_064,https://app-online-surveys-images.s3.amazonaws.com/a2rephd3z14kdptxm87zy3fe5
stim_065,https://app-online-surveys-images.s3.amazonaws.com/f1xxrd3nuwlyndb282uuyffsb
stim_066,https://app-online-surveys-images.s3.amazonaws.com/t2xcs1fuh9vfzsbsy0ma85c3m
stim_067,https://app-online-surveys-images.s3.amazonaws.com/sgeyla1jvyhhm0vbpwi70026o
stim_068,https://app-online-surveys-images.s3.amazonaws.com/rmy659oy2xuxnodggrz54cmlj
stim_069,https://app-online-surveys-images.s3.amazonaws.com/zgva5o0putfy6cwl761orn1j8
stim_070,https://app-online-surveys-images.s3.amazonaws.com/u9ni7x8wq6cwuiwpmvrcc55rh
stim_071,https://app-online-surveys-images.s3.amazonaws.com/yhuct9d81biebpz87zp5joggs
stim_072,https://app-online-surveys-images.s3.amazonaws.com/svhhffx2ke8vfu27c9ihytar1
